1179,72,11183,2023-12-28,2,300.00,12.33,Debit Card
1180,45,11093,2023-11-09,7,25.00,2.18,Cash
1181,94,11194,2023-08-17,1,500.00,55.42,Credit Card
1182,65,11081,2023-02-23,10,600.00,74.56,Debit Card
1183,68,11118,2023-08-30,8,900.00,79.61,Cash
1184,76,11037,2023-09-03,10,700.00,127.81,Credit Card
1185,86,11008,2024-02-13,3,700.00,2.09,Debit Card
1186,93,11008,2023-07-21,3,400.00,69.32,Cash
1187,63,11066,2023-07-18,8,400.00,48.16,Credit Card
1188,69,11182,2024-01-24,10,1000.00,14.05,Cash
1189,82,11004,2023-08-24,9,300.00,32.83,Debit Card
1190,64,11007,2023-08-21,9,500.00,21.48,Credit Card
1191,66,11004,2023-04-14,4,700.00,2.51,Credit Card
1192,16,11070,2024-01-13,5,25.00,0.55,Debit Card
1193,37,11164,2023-02-24,1,25.00,2.59,Cash
1194,44,11187,2023-11-21,7,40.00,0.45,Cash
1195,96,11050,2023-12-22,8,700.00,108.06,Debit Card
1196,35,11055,2023-10-28,7,100.00,5.38,Cash
1197,4,11179,2023-06-23,3,80.00,1.61,Debit Card
1198,67,11024,2023-04-09,4,800.00,33.94,Cash
1199,81,11109,2023-07-22,9,200.00,18.57,Credit Card
1200,24,11010,2023-11-18,4,150.00,1.24,Debit Card
1201,51,11175,2023-10-20,6,200.00,19.69,Debit Card
1202,76,11140,2023-10-02,9,700.00,108.55,Cash
1203,5,11179,2023-07-07,9,50.00,8.20,Debit Card
1204,26,11191,2023-12-12,8,20.00,2.83,Cash
1205,53,11142,2023-09-08,8,400.00,48.10,Debit Card
1206,42,11142,2023-09-27,1,50.00,7.62,Cash
1207,96,11031,2023-12-08,2,700.00,118.40,Debit Card
1208,68,11047,2023-08-05,10,900.00,39.94,Debit Card
1209,73,11126,2023-09-23,7,400.00,3.66,Debit Card
1210,3,11130,2023-10-02,7,1500.00,38.02,Debit Card
1211,58,11013,2023-05-28,7,900.00,1.69,Debit Card
1212,88,11127,2023-04-09,3,900.00,146.00,Credit Card
1213,9,11070,2023-04-22,7,500.00,70.97,Cash
1214,9,11048,2023-11-15,6,500.00,39.95,Debit Card
1215,19,11109,2023-08-05,1,40.00,6.92,Cash
1216,64,11162,2023-03-26,6,500.00,73.17,Credit Card
1217,73,11164,2023-05-25,9,400.00,39.21,Debit Card
1218,3,11085,2023-11-21,10,1500.00,218.07,Debit Card
1219,32,11073,2024-02-13,1,120.00,20.01,Cash
1220,21,11070,2023-06-17,7,50.00,7.66,Cash
1221,1,11168,2023-06-06,7,1200.00,200.15,Cash
1222,69,11059,2023-06-07,3,1000.00,165.83,Credit Card
1223,87,11073,2023-11-08,9,800.00,79.93,Credit Card
1224,16,11025,2023-11-23,7,25.00,2.67,Cash
1225,73,11000,2023-10-12,1,400.00,13.18,Debit Card
1226,9,11193,2023-12-11,2,500.00,66.64,Debit Card
1227,39,11161,2024-01-05,2,20.00,1.07,Credit Card
1228,88,11021,2023-03-31,7,900.00,2.73,Debit Card
1229,77,11170,2023-07-25,7,800.00,40.11,Debit Card
1230,37,11196,2023-07-18,2,25.00,2.62,Cash
1231,66,11117,2023-06-12,3,700.00,101.97,Credit Card
1232,5,11030,2024-01-05,2,50.00,9.33,Debit Card
1233,90,11023,2023-05-23,7,100.00,14.68,Cash
1234,43,11080,2023-09-23,2,30.00,2.69,Credit Card
1235,56,11037,2023-09-08,6,700.00,68.13,Cash
1236,6,11111,2023-06-23,6,20.00,1.50,Credit Card
1237,94,11120,2023-02-20,7,500.00,62.66,Cash
1238,47,11035,2023-08-24,9,70.00,5.91,Credit Card
1239,42,11066,2024-02-11,8,50.00,1.58,Debit Card
1240,43,11037,2023-10-22,4,30.00,0.94,Debit Card
1241,57,11033,2023-06-10,3,800.00,13.12,Cash
1242,1,11206,2023-07-24,5,1200.00,132.14,Credit Card
1243,61,11118,2023-09-02,10,200.00,34.30,Debit Card
1244,14,11066,2023-02-23,6,70.00,7.80,Cash
1245,96,11137,2023-06-04,6,700.00,139.86,Debit Card
1246,26,11139,2023-10-05,9,20.00,2.71,Cash
1247,66,11153,2024-01-22,8,700.00,54.08,Cash
1248,76,11018,2023-08-19,9,700.00,77.24,Credit Card
1249,86,11045,2023-11-01,5,700.00,54.96,Credit Card
1250,25,11095,2023-08-30,2,120.00,22.99,Cash
1251,82,11110,2023-11-01,10,300.00,18.65,Cash
1252,75,11013,2024-01-12,5,600.00,89.19,Debit Card
1253,52,11170,2023-11-30,6,300.00,20.52,Debit Card
1254,51,11088,2023-11-24,2,200.00,25.72,Debit Card
1255,83,11190,2023-12-02,1,400.00,51.58,Debit Card
1256,10,11090,2023-10-23,8,250.00,44.76,Credit Card
1257,1,11143,2023-03-15,8,1200.00,53.98,Credit Card
1258,81,11122,2024-01-05,8,200.00,13.85,Debit Card
1259,18,11008,2023-02-18,6,120.00,23.45,Debit Card
1260,13,11045,2023-12-17,1,120.00,21.02,Credit Card
1261,41,11173,2023-11-30,6,80.00,3.27,Debit Card
1262,42,11169,2023-02-21,8,50.00,1.81,Cash
1263,28,11020,2023-07-08,4,300.00,14.40,Debit Card
1264,93,11142,2023-11-22,7,400.00,60.96,Cash
1265,15,11024,2024-02-11,10,30.00,1.94,Credit Card
1266,28,11192,2023-08-09,3,300.00,0.65,Debit Card
1267,32,11144,2023-12-26,1,120.00,12.40,Debit Card
1268,36,11053,2023-12-06,4,150.00,26.15,Cash
1269,24,11164,2023-09-23,10,150.00,23.16,Credit Card
1270,65,11109,2023-04-22,10,600.00,15.73,Credit Card
1271,40,11188,2023-09-14,9,40.00,7.01,Debit Card
1272,31,11101,2023-02-20,9,40.00,5.62,Debit Card
1273,53,11040,2023-10-15,8,400.00,8.41,Credit Card
1274,86,11164,2023-07-24,7,700.00,9.96,Credit Card
1275,14,11032,2023-07-06,8,70.00,0.08,Debit Card
1276,39,11018,2024-01-12,8,20.00,3.18,Credit Card
1277,97,11128,2023-12-21,1,800.00,118.01,Debit Card
1278,84,11014,2024-01-09,1,500.00,71.18,Debit Card
1279,37,11007,2023-05-21,2,25.00,4.19,Debit Card
1280,12,11046,2023-05-23,7,80.00,12.36,Debit Card
1281,42,11119,2023-09-25,5,50.00,6.14,Credit Card
1282,41,11163,2023-10-27,2,80.00,11.02,Credit Card
1283,2,11030,2024-02-07,1,800.00,107.95,Debit Card
1284,79,11191,2023-10-26,10,1000.00,194.37,Credit Card
1285,94,11126,2023-12-08,2,500.00,20.82,Debit Card
1286,85,11144,2023-10-15,7,600.00,83.27,Debit Card
1287,84,11120,2023-08-03,10,500.00,27.26,Credit Card
1288,77,11162,2023-09-10,8,800.00,155.59,Cash
1289,17,11132,2023-10-08,5,200.00,20.97,Credit Card
1290,79,11105,2023-04-05,6,1000.00,3.07,Cash
1291,29,11137,2023-08-17,6,25.00,1.20,Cash
1292,36,11111,2023-11-07,4,150.00,24.87,Credit Card
1293,87,11034,2023-03-31,5,800.00,45.78,Debit Card
1294,63,11191,2023-12-16,2,400.00,45.89,Debit Card
1295,34,11077,2023-10-26,4,15.00,2.00,Credit Card
1296,39,11052,2023-09-27,9,20.00,1.83,Credit Card
1297,5,11070,2023-12-01,5,50.00,2.94,Credit Card
1298,14,11107,2023-02-18,3,70.00,4.31,Credit Card
1299,51,11027,2023-03-25,8,200.00,33.62,Debit Card
1300,49,11090,2023-12-28,4,30.00,3.52,Credit Card
1301,54,11022,2023-11-24,6,500.00,86.94,Credit Card
1302,89,11123,2023-08-22,3,1000.00,10.89,Cash
1303,91,11012,2023-11-18,1,200.00,28.91,Credit Card
1304,10,11071,2023-12-03,10,250.00,9.68,Cash
1305,32,11104,2023-09-10,1,120.00,8.55,Cash
1306,46,11204,2023-10-19,3,15.00,1.57,Debit Card
1307,100,11018,2023-09-24,2,100.00,15.80,Cash
1308,88,11205,2024-02-08,3,900.00,150.52,Debit Card
1309,8,11157,2023-07-07,7,100.00,8.47,Debit Card
1310,12,11026,2023-06-11,1,80.00,6.03,Credit Card
1311,66,11187,2023-10-07,10,700.00,2.62,Credit Card
1312,29,11086,2023-08-01,4,25.00,0.22,Credit Card
1313,47,11018,2024-01-26,6,70.00,0.82,Cash
1314,19,11124,2023-10-18,1,40.00,0.43,Credit Card
1315,72,11015,2023-03-06,9,300.00,18.91,Cash
1316,17,11021,2023-06-04,5,200.00,4.59,Credit Card
1317,43,11051,2023-08-20,7,30.00,1.28,Cash
1318,83,11145,2023-08-31,8,400.00,14.76,Cash
1319,66,11077,2023-11-26,7,700.00,16.63,Debit Card
1320,80,11160,2023-02-16,6,100.00,8.06,Credit Card
1321,81,11162,2023-04-23,9,200.00,2.31,Cash
1322,13,11120,2023-10-17,1,120.00,17.14,Cash
1323,5,11105,2023-10-05,7,50.00,2.44,Credit Card
1324,12,11110,2023-11-03,8,80.00,1.61,Debit Card
1325,21,11035,2023-04-20,8,50.00,6.19,Cash
1326,59,11029,2023-12-05,2,1000.00,93.63,Cash
1327,6,11037,2023-09-22,9,20.00,2.18,Cash
1328,74,11046,2023-06-21,7,500.00,63.16,Credit Card
1329,74,11105,2024-01-31,10,500.00,45.27,Debit Card
1330,36,11193,2023-07-01,4,150.00,27.23,Cash
1331,88,11129,2023-09-02,2,900.00,42.19,Credit Card
1332,13,11105,2023-08-01,4,120.00,20.84,Credit Card
1333,76,11047,2024-01-14,4,700.00,51.29,Credit Card
1334,15,11203,2024-01-21,5,30.00,1.90,Credit Card
1335,28,11073,2023-08-03,3,300.00,58.99,Cash
1336,45,11023,2023-04-20,3,25.00,1.44,Cash
1337,37,11129,2023-04-05,5,25.00,0.18,Credit Card
1338,38,11000,2023-09-07,6,15.00,2.28,Cash
1339,45,11078,2024-01-04,8,25.00,2.97,Credit Card
1340,13,11039,2023-08-22,4,120.00,23.58,Cash
1341,79,11070,2024-01-02,4,1000.00,31.24,Credit Card
1342,66,11103,2023-10-30,10,700.00,69.78,Debit Card
1343,55,11146,2023-12-09,10,600.00,100.05,Credit Card
1344,60,11197,2023-04-14,1,100.00,10.34,Cash
1345,6,11067,2023-07-28,5,20.00,1.60,Credit Card
1346,19,11113,2023-05-04,9,40.00,4.14,Debit Card
1347,74,11124,2023-04-27,9,500.00,42.32,Debit Card
1348,80,11089,2023-11-14,2,100.00,15.43,Debit Card
1349,37,11132,2023-02-27,8,25.00,1.50,Debit Card
1350,12,11184,2023-04-10,8,80.00,15.33,Cash
1351,25,11186,2023-06-29,7,120.00,10.98,Cash
1352,26,11050,2023-02-21,2,20.00,3.99,Debit Card
1353,72,11019,2024-01-05,8,300.00,3.46,Credit Card
1354,88,11081,2024-02-02,8,900.00,171.33,Credit Card
1355,52,11136,2023-07-10,6,300.00,46.97,Debit Card
1356,1,11176,2023-07-30,3,1200.00,13.76,Credit Card
1357,41,11010,2023-12-27,4,80.00,12.29,Debit Card
1358,61,11195,2023-11-08,5,200.00,31.54,Cash
1359,23,11206,2023-08-04,5,120.00,20.24,Cash
1360,7,11125,2024-01-19,8,300.00,2.34,Debit Card
1361,60,11193,2023-08-15,4,100.00,8.50,Cash
1362,38,11060,2023-02-17,9,15.00,0.33,Debit Card
1363,23,11065,2023-04-10,1,120.00,0.61,Debit Card
1364,3,11016,2023-05-01,8,1500.00,269.15,Debit Card
1365,4,11036,2023-12-16,7,80.00,7.16,Credit Card
1366,23,11148,2023-08-26,9,120.00,11.38,Debit Card
1367,18,11024,2023-08-23,4,120.00,5.53,Cash
1368,67,11077,2023-05-06,4,800.00,10.46,Debit Card
1369,59,11200,2024-01-28,2,1000.00,197.63,Cash
1370,20,11036,2023-07-01,5,40.00,2.83,Credit Card
1371,29,11201,2024-02-04,1,25.00,0.65,Debit Card
1372,49,11065,2023-12-29,5,30.00,5.91,Credit Card
1373,24,11129,2023-04-08,1,150.00,18.66,Debit Card
1374,55,11109,2023-07-22,10,600.00,60.78,Cash
1375,96,11136,2024-01-28,8,700.00,29.12,Debit Card
1376,89,11122,2023-11-30,4,1000.00,180.60,Credit Card
1377,11,11049,2023-03-01,10,60.00,4.41,Credit Card
1378,58,11111,2023-12-06,3,900.00,48.10,Credit Card
1379,3,11021,2023-10-03,4,1500.00,86.53,Debit Card
1380,51,11035,2023-12-07,9,200.00,3.08,Cash
1381,14,11169,2023-06-06,5,70.00,13.89,Cash
1382,31,11186,2023-07-07,8,40.00,3.60,Debit Card
1383,23,11138,2023-11-17,5,120.00,9.69,Cash
1384,10,11137,2023-04-20,2,250.00,7.23,Cash
1385,78,11196,2023-02-22,6,900.00,11.09,Credit Card
1386,53,11076,2023-06-06,2,400.00,69.39,Credit Card
1387,46,11058,2023-04-23,6,15.00,1.51,Cash
1388,59,11082,2023-05-11,5,1000.00,37.16,Debit Card
1389,32,11130,2023-02-17,2,120.00,9.10,Credit Card
1390,13,11097,2023-10-24,4,120.00,19.25,Credit Card
1391,34,11190,2023-06-03,10,15.00,2.81,Debit Card
1392,82,11128,2023-08-07,6,300.00,30.50,Debit Card
1393,89,11000,2023-07-31,10,1000.00,173.38,Credit Card
1394,87,11028,2023-07-31,4,800.00,131.04,Cash
1395,43,11129,2023-07-19,2,30.00,5.57,Cash
1396,16,11150,2023-03-22,8,25.00,4.62,Debit Card
1397,14,11082,2023-03-25,5,70.00,0.72,Credit Card
1398,3,11164,2023-11-02,1,1500.00,146.67,Credit Card
1399,68,11048,2024-02-09,2,900.00,5.43,Cash
1400,69,11057,2023-09-06,3,1000.00,114.77,Credit Card
1401,73,11085,2023-04-19,2,400.00,16.82,Debit Card
1402,81,11191,2023-06-06,1,200.00,39.86,Debit Card
1403,64,11055,2023-11-28,3,500.00,89.58,Debit Card
1404,31,11018,2023-05-24,4,40.00,7.96,Cash
1405,87,11125,2024-01-13,10,800.00,46.72,Debit Card
1406,10,11159,2023-03-29,4,250.00,20.64,Credit Card
1407,14,11132,2023-09-23,6,70.00,2.79,Cash
1408,29,11091,2023-11-27,1,25.00,2.70,Credit Card
1409,83,11018,2023-05-13,3,400.00,16.85,Cash
1410,62,11088,2023-09-15,2,300.00,38.85,Cash
1411,66,11179,2023-07-11,3,700.00,138.60,Debit Card
1412,37,11151,2023-03-10,8,25.00,1.72,Debit Card
1413,75,11138,2023-07-25,10,600.00,47.68,Credit Card
1414,46,11164,2023-05-16,1,15.00,0.97,Debit Card
1415,5,11162,2023-08-13,3,50.00,8.70,Cash
1416,43,11062,2024-01-25,6,30.00,2.12,Credit Card
1417,92,11002,2023-06-20,6,300.00,5.93,Cash
1418,32,11194,2023-04-13,10,120.00,11.70,Cash
1419,63,11118,2023-09-08,4,400.00,25.03,Debit Card
1420,77,11029,2023-02-19,4,800.00,18.24,Debit Card
1421,25,11056,2023-11-21,4,120.00,10.11,Debit Card
1422,8,11130,2024-02-05,10,100.00,9.69,Debit Card
1423,48,11048,2023-11-02,2,20.00,3.83,Credit Card
1424,18,11164,2023-07-02,2,120.00,14.05,Debit Card
1425,21,11192,2024-01-26,8,50.00,7.42,Cash
1426,19,11138,2023-03-24,7,40.00,4.82,Credit Card
1427,42,11166,2023-05-14,2,50.00,0.31,Cash
1428,76,11111,2023-12-06,6,700.00,107.83,Credit Card
1429,61,11157,2023-08-07,1,200.00,0.33,Credit Card
1430,12,11033,2024-01-17,7,80.00,8.15,Debit Card
1431,67,11088,2023-07-07,2,800.00,121.85,Cash
1432,45,11135,2024-02-15,7,25.00,0.11,Credit Card
1433,37,11036,2023-04-01,10,25.00,4.69,Credit Card
1434,55,11177,2023-03-20,5,600.00,71.06,Credit Card
1435,57,11202,2023-07-16,7,800.00,18.57,Cash
1436,82,11182,2023-07-27,3,300.00,59.92,Debit Card
1437,32,11171,2023-10-07,1,120.00,12.52,Debit Card
1438,98,11163,2023-08-18,7,900.00,73.72,Credit Card
1439,20,11171,2024-01-16,8,40.00,7.98,Cash
1440,82,11197,2024-01-14,8,300.00,18.54,Credit Card
1441,68,11143,2023-05-08,4,900.00,116.93,Credit Card
1442,69,11193,2023-03-22,4,1000.00,155.50,Debit Card
1443,91,11060,2023-05-04,2,200.00,1.36,Cash
1444,18,11128,2023-08-02,3,120.00,9.72,Debit Card
1445,90,11098,2023-10-22,5,100.00,16.17,Debit Card
1446,1,11058,2023-03-18,3,1200.00,48.48,Debit Card
1447,2,11192,2023-05-24,6,800.00,146.62,Cash
1448,58,11050,2023-09-19,6,900.00,15.58,Credit Card
1449,65,11049,2023-06-24,3,600.00,110.23,Debit Card
1450,97,11135,2023-02-16,6,800.00,79.86,Cash
1451,8,11161,2023-09-21,9,100.00,6.60,Cash
1452,92,11062,2023-10-14,3,300.00,1.62,Credit Card
1453,84,11140,2023-05-26,10,500.00,79.50,Cash
1454,16,11010,2023-10-25,2,25.00,0.75,Cash
1455,66,11021,2023-06-22,4,700.00,17.50,Debit Card
1456,38,11167,2023-07-04,9,15.00,2.10,Credit Card
1457,21,11200,2023-09-30,1,50.00,8.46,Credit Card
1458,75,11203,2023-10-05,10,600.00,4.82,Cash
1459,18,11000,2023-11-30,3,120.00,12.01,Credit Card
1460,76,11068,2023-07-01,3,700.00,81.61,Credit Card
1461,65,11138,2023-08-11,2,600.00,106.11,Debit Card
1462,70,11175,2023-02-25,7,100.00,5.51,Debit Card
1463,79,11101,2023-05-20,10,1000.00,66.67,Debit Card
1464,22,11120,2023-03-15,5,80.00,8.91,Cash
1465,97,11090,2023-05-19,8,800.00,72.55,Debit Card
1466,96,11133,2023-09-11,6,700.00,105.84,Cash
1467,50,11168,2023-03-20,9,200.00,38.52,Credit Card
1468,82,11177,2023-06-09,5,300.00,9.76,Debit Card
1469,74,11107,2023-11-14,8,500.00,87.40,Cash
1470,74,11198,2023-11-19,4,500.00,85.69,Cash
1471,52,11083,2023-08-05,10,300.00,49.23,Credit Card
1472,64,11064,2024-01-30,1,500.00,50.40,Cash
1473,27,11055,2023-12-14,4,15.00,2.63,Cash
1474,87,11094,2023-10-25,7,800.00,41.82,Debit Card
1475,1,11188,2023-11-02,9,1200.00,6.02,Cash
1476,54,11096,2023-05-25,6,500.00,95.30,Credit Card
1477,94,11038,2023-08-21,10,500.00,3.09,Credit Card
1478,35,11083,2023-07-24,7,100.00,7.80,Cash
1479,22,11058,2023-08-18,4,80.00,4.92,Cash
1480,90,11137,2024-01-04,4,100.00,5.69,Cash
1481,12,11043,2023-05-08,4,80.00,2.75,Credit Card
1482,63,11162,2023-07-24,6,400.00,5.35,Debit Card
1483,22,11204,2023-12-17,9,80.00,7.76,Credit Card
1484,47,11043,2023-09-28,5,70.00,11.46,Debit Card
1485,39,11030,2023-03-13,7,20.00,1.03,Cash
1486,30,11153,2023-04-10,5,20.00,2.64,Cash
1487,60,11140,2023-03-26,9,100.00,9.93,Debit Card
1488,83,11085,2023-09-10,6,400.00,40.04,Debit Card
1489,37,11168,2023-11-23,3,25.00,0.13,Debit Card
1490,67,11161,2023-03-13,4,800.00,150.28,Debit Card
1491,98,11003,2023-07-01,9,900.00,54.34,Credit Card
1492,58,11195,2023-09-10,5,900.00,137.89,Credit Card
1493,54,11053,2023-04-23,2,500.00,1.66,Credit Card
1494,8,11020,2023-04-09,6,100.00,9.59,Cash
1495,49,11122,2023-04-29,4,30.00,5.19,Debit Card
1496,29,11093,2023-04-30,2,25.00,3.61,Cash
1497,69,11028,2023-10-15,9,1000.00,111.89,Debit Card
1498,80,11089,2023-10-30,2,100.00,9.56,Cash
1499,58,11133,2024-01-25,5,900.00,66.12,Cash
1500,44,11171,2023-02-22,5,40.00,5.66,Cash
1501,95,11005,2023-12-09,10,600.00,91.09,Cash
1502,83,11051,2023-09-11,6,400.00,66.38,Cash
1503,40,11164,2023-12-19,9,40.00,6.02,Credit Card
1504,35,11040,2023-03-27,1,100.00,14.65,Debit Card
1505,20,11026,2024-02-09,5,40.00,3.58,Credit Card
1506,61,11187,2023-05-14,8,200.00,36.19,Debit Card
1507,87,11096,2023-10-15,4,800.00,80.21,Credit Card
1508,43,11066,2023-11-12,2,30.00,0.40,Credit Card
1509,22,11007,2023-03-30,10,80.00,10.96,Debit Card
1510,80,11081,2023-03-29,5,100.00,14.82,Debit Card
1511,44,11014,2023-12-09,2,40.00,3.32,Credit Card
1512,7,11128,2023-05-27,10,300.00,53.23,Credit Card
1513,68,11179,2023-03-27,1,900.00,23.57,Credit Card
1514,82,11094,2024-01-20,9,300.00,6.69,Credit Card
1515,62,11054,2023-10-10,3,300.00,7.81,Cash
1516,53,11080,2023-06-28,2,400.00,29.46,Credit Card
1517,19,11048,2023-12-03,2,40.00,5.40,Debit Card
1518,44,11188,2023-06-14,10,40.00,5.54,Credit Card
1519,1,11201,2023-03-07,8,1200.00,60.11,Credit Card
1520,94,11156,2023-04-11,6,500.00,49.40,Credit Card
1521,10,11166,2023-08-01,5,250.00,46.90,Cash
1522,33,11037,2023-03-06,6,30.00,1.41,Debit Card
1523,76,11053,2023-03-20,7,700.00,63.63,Credit Card
1524,60,11073,2023-04-20,1,100.00,14.59,Cash
1525,58,11020,2023-10-10,1,900.00,83.91,Cash
1526,71,11178,2023-11-23,3,200.00,37.98,Credit Card
1527,69,11141,2024-01-15,7,1000.00,139.77,Cash
1528,79,11012,2023-08-17,5,1000.00,8.70,Credit Card
1529,91,11060,2023-08-02,3,200.00,7.88,Cash
1530,94,11045,2023-12-13,1,500.00,28.76,Debit Card
1531,50,11173,2023-04-17,1,200.00,26.39,Debit Card
1532,89,11107,2023-03-18,4,1000.00,12.77,Credit Card
1533,10,11064,2023-10-26,7,250.00,8.73,Debit Card
1534,57,11114,2023-12-24,1,800.00,15.97,Credit Card
1535,54,11181,2023-09-13,2,500.00,34.06,Cash
1536,33,11036,2023-09-24,1,30.00,5.94,Credit Card
1537,40,11017,2023-05-08,2,40.00,6.64,Debit Card
1538,25,11142,2023-04-08,3,120.00,7.41,Cash
1539,68,11205,2023-07-26,9,900.00,85.76,Credit Card
1540,83,11077,2023-04-17,4,400.00,38.34,Credit Card
1541,40,11099,2023-10-08,8,40.00,5.64,Debit Card
1542,92,11122,2023-11-19,3,300.00,12.16,Credit Card
1543,33,11075,2023-11-06,3,30.00,3.19,Cash
1544,82,11184,2023-09-12,6,300.00,23.82,Debit Card
1545,48,11118,2023-06-04,6,20.00,0.85,Credit Card
1546,77,11169,2023-09-05,7,800.00,60.60,Cash
1547,93,11061,2023-06-03,4,400.00,41.66,Cash
1548,13,11097,2023-05-19,5,120.00,15.55,Credit Card
1549,88,11036,2023-05-15,7,900.00,165.61,Debit Card
1550,52,11028,2023-06-03,4,300.00,38.10,Debit Card
1551,89,11015,2023-11-16,4,1000.00,73.43,Credit Card
1552,85,11038,2024-01-04,10,600.00,76.57,Cash
1553,79,11170,2023-12-15,6,1000.00,124.39,Credit Card
1554,71,11014,2023-05-18,1,200.00,10.50,Debit Card
1555,27,11070,2024-01-03,9,15.00,2.64,Cash
1556,85,11182,2023-07-05,8,600.00,87.26,Cash
1557,72,11080,2023-06-19,3,300.00,14.03,Cash
1558,41,11144,2023-02-28,8,80.00,15.40,Debit Card
1559,4,11115,2023-09-21,7,80.00,7.96,Cash
1560,73,11062,2024-01-02,5,400.00,60.24,Credit Card
1561,98,11157,2023-11-14,1,900.00,59.51,Cash
1562,46,11033,2023-05-31,2,15.00,2.16,Cash
1563,89,11187,2023-11-27,4,1000.00,34.76,Debit Card
1564,89,11048,2023-06-04,8,1000.00,54.64,Credit Card
1565,11,11201,2023-03-09,10,60.00,0.89,Debit Card
1566,90,11041,2023-05-27,4,100.00,17.17,Credit Card
1567,83,11078,2023-12-03,6,400.00,18.65,Cash
1568,16,11098,2023-10-12,6,25.00,2.65,Debit Card
1569,6,11069,2023-11-04,7,20.00,3.60,Debit Card
1570,37,11094,2023-07-19,10,25.00,0.22,Credit Card
1571,94,11195,2023-11-08,4,500.00,49.72,Credit Card
1572,72,11091,2023-09-02,9,300.00,48.84,Cash
1573,59,11169,2023-07-08,1,1000.00,76.30,Credit Card
1574,66,11101,2023-03-13,1,700.00,132.47,Credit Card
1575,30,11038,2023-05-12,1,20.00,2.40,Debit Card
1576,62,11111,2023-04-14,8,300.00,52.64,Credit Card
1577,58,11101,2023-11-25,10,900.00,115.17,Credit Card
1578,30,11076,2023-09-06,5,20.00,1.89,Cash
1579,76,11032,2023-10-26,2,700.00,44.64,Credit Card
1580,100,11025,2023-06-05,8,100.00,1.01,Debit Card
1581,93,11016,2023-10-13,2,400.00,71.93,Cash
1582,10,11185,2023-09-12,4,250.00,38.65,Cash
1583,88,11008,2023-04-19,7,900.00,109.50,Cash
1584,44,11149,2024-02-04,3,40.00,5.54,Credit Card
1585,13,11092,2023-07-25,4,120.00,7.60,Cash
1586,54,11123,2023-07-25,6,500.00,87.84,Cash
1587,21,11109,2023-04-11,4,50.00,6.37,Cash
1588,69,11057,2023-10-26,10,1000.00,40.82,Cash
1589,53,11195,2023-06-06,7,400.00,63.24,Debit Card
1590,96,11054,2023-05-10,5,700.00,66.81,Credit Card
1591,97,11065,2023-04-23,4,800.00,49.07,Credit Card
1592,29,11078,2023-12-21,5,25.00,0.83,Debit Card
1593,7,11197,2023-06-16,6,300.00,25.63,Debit Card
1594,72,11206,2023-07-27,7,300.00,8.27,Debit Card
1595,29,11041,2023-10-13,10,25.00,4.31,Debit Card
1596,63,11132,2023-05-10,2,400.00,61.91,Debit Card
1597,73,11041,2023-06-13,5,400.00,36.78,Cash
1598,30,11107,2023-11-29,4,20.00,1.20,Cash
1599,14,11153,2023-11-29,9,70.00,5.02,Credit Card
1600,33,11198,2023-12-28,9,30.00,1.28,Cash
1601,53,11113,2023-05-08,7,400.00,40.24,Credit Card
1602,64,11196,2023-06-23,1,500.00,20.26,Debit Card
1603,79,11075,2023-11-15,3,1000.00,140.99,Credit Card
1604,60,11093,2023-02-23,6,100.00,11.59,Debit Card
1605,4,11205,2023-03-20,3,80.00,5.81,Credit Card
1606,69,11037,2023-11-27,10,1000.00,18.56,Cash
1607,11,11129,2023-05-31,9,60.00,5.07,Debit Card
1608,21,11132,2023-07-22,8,50.00,6.80,Credit Card
1609,37,11049,2024-01-10,1,25.00,3.90,Credit Card
1610,67,11133,2023-04-23,6,800.00,108.01,Cash
1611,72,11063,2024-01-29,4,300.00,25.43,Cash
1612,53,11008,2023-10-11,5,400.00,13.05,Debit Card
1613,68,11043,2023-08-30,1,900.00,11.74,Debit Card
1614,82,11025,2023-05-29,1,300.00,58.11,Credit Card
1615,33,11122,2023-11-19,10,30.00,5.06,Credit Card
1616,20,11048,2023-03-10,7,40.00,7.17,Debit Card
1617,84,11181,2023-02-19,2,500.00,85.60,Credit Card
1618,86,11016,2023-12-01,2,700.00,135.51,Cash
1619,16,11150,2023-08-28,1,25.00,3.71,Cash
1620,88,11098,2023-12-18,9,900.00,154.05,Credit Card
1621,12,11051,2023-10-02,5,80.00,4.38,Cash
1622,18,11095,2023-08-17,5,120.00,1.40,Credit Card
1623,63,11104,2023-03-02,9,400.00,21.75,Credit Card
1624,21,11015,2023-05-04,2,50.00,3.75,Credit Card
1625,90,11145,2024-02-04,5,100.00,12.44,Cash
1626,73,11003,2023-04-07,6,400.00,50.73,Credit Card
1627,30,11045,2023-07-10,8,20.00,0.84,Credit Card
1628,72,11118,2023-03-12,3,300.00,45.44,Debit Card
1629,29,11164,2023-04-02,1,25.00,4.62,Credit Card
1630,19,11149,2024-02-05,1,40.00,7.83,Cash
1631,39,11172,2023-11-29,4,20.00,2.87,Cash
1632,82,11119,2023-12-21,10,300.00,48.76,Credit Card
1633,74,11049,2023-12-30,9,500.00,91.96,Credit Card
1634,83,11007,2023-08-18,10,400.00,51.47,Cash
1635,73,11202,2023-07-23,10,400.00,14.89,Credit Card
1636,16,11176,2023-05-12,3,25.00,1.25,Cash
1637,74,11084,2023-09-08,4,500.00,60.56,Cash
1638,14,11089,2023-04-26,8,70.00,7.53,Cash
1639,82,11178,2023-11-13,8,300.00,44.22,Cash
1640,88,11077,2023-05-31,7,900.00,23.44,Cash
1641,64,11202,2023-07-29,3,500.00,77.27,Cash
1642,80,11192,2023-10-11,5,100.00,1.12,Credit Card
1643,57,11130,2023-10-19,8,800.00,117.40,Debit Card
1644,91,11040,2023-08-13,9,200.00,6.33,Cash
1645,30,11194,2023-11-13,10,20.00,2.70,Cash
1646,48,11153,2023-11-19,4,20.00,1.18,Cash
1647,13,11052,2023-02-18,2,120.00,19.13,Debit Card
1648,10,11149,2023-07-05,8,250.00,15.07,Debit Card
1649,77,11167,2023-08-28,1,800.00,22.86,Credit Card
1650,32,11023,2023-05-09,5,120.00,23.80,Cash
1651,2,11150,2024-01-09,1,800.00,81.61,Credit Card
1652,56,11184,2023-07-14,6,700.00,35.94,Debit Card
1653,36,11050,2023-10-11,7,150.00,3.17,Cash
1654,59,11202,2023-05-19,3,1000.00,195.60,Cash
1655,38,11030,2023-07-30,5,15.00,2.76,Cash
1656,19,11126,2023-03-27,10,40.00,5.15,Credit Card
1657,95,11161,2023-06-15,8,600.00,19.78,Credit Card
1658,48,11041,2023-10-03,6,20.00,2.68,Cash
1659,43,11106,2023-12-10,7,30.00,2.17,Credit Card
1660,72,11119,2023-07-08,1,300.00,40.89,Credit Card
1661,7,11174,2023-06-03,6,300.00,51.68,Cash
1662,89,11045,2023-12-31,7,1000.00,75.55,Cash
1663,18,11078,2023-08-16,3,120.00,9.87,Credit Card
1664,53,11114,2023-05-13,10,400.00,75.15,Debit Card
1665,26,11085,2023-07-30,7,20.00,3.47,Credit Card
1666,83,11151,2023-07-14,3,400.00,29.45,Cash
1667,51,11203,2023-06-14,5,200.00,38.24,Cash
1668,42,11016,2023-06-07,6,50.00,3.05,Cash
1669,26,11142,2024-01-25,10,20.00,1.07,Cash
1670,60,11003,2023-04-20,4,100.00,10.49,Cash
1671,97,11142,2023-03-16,2,800.00,37.16,Cash
1672,58,11184,2023-11-21,2,900.00,37.47,Credit Card
1673,52,11027,2023-03-04,7,300.00,32.12,Credit Card
1674,62,11138,2023-06-13,6,300.00,56.83,Credit Card
1675,81,11199,2023-12-31,10,200.00,37.63,Credit Card
1676,91,11150,2023-06-18,2,200.00,13.79,Credit Card
1677,72,11063,2023-03-29,3,300.00,18.25,Cash
1678,73,11032,2023-09-19,3,400.00,46.06,Debit Card
1679,83,11172,2023-03-05,6,400.00,34.45,Debit Card
1680,83,11098,2023-08-08,1,400.00,36.95,Credit Card
1681,22,11036,2023-04-07,2,80.00,2.80,Cash
1682,96,11011,2023-06-17,10,700.00,50.10,Debit Card
1683,18,11096,2023-07-23,3,120.00,7.32,Debit Card
1684,83,11004,2023-05-15,4,400.00,74.96,Debit Card
1685,78,11122,2023-06-28,2,900.00,27.19,Cash
1686,44,11195,2023-08-05,7,40.00,6.17,Debit Card
1687,11,11022,2023-12-02,5,60.00,7.51,Credit Card
1688,16,11183,2023-04-03,3,25.00,1.54,Cash
1689,94,11078,2023-11-03,4,500.00,29.97,Credit Card
1690,100,11102,2023-06-12,7,100.00,3.93,Cash
1691,19,11101,2023-05-24,4,40.00,4.87,Credit Card
1692,6,11110,2023-07-10,1,20.00,3.54,Credit Card
1693,72,11166,2024-01-22,4,300.00,49.35,Credit Card
1694,68,11010,2023-12-14,4,900.00,138.87,Credit Card
1695,92,11189,2023-10-15,9,300.00,49.63,Cash
1696,25,11048,2023-09-01,6,120.00,5.75,Credit Card
1697,98,11049,2023-06-05,3,900.00,39.38,Cash
1698,77,11197,2023-07-09,1,800.00,135.70,Debit Card
1699,38,11012,2023-12-20,5,15.00,2.35,Debit Card
1700,30,11054,2023-05-25,5,20.00,1.93,Credit Card
1701,14,11155,2023-08-21,4,70.00,2.18,Credit Card
1702,53,11000,2023-10-05,1,400.00,57.94,Cash
1703,8,11205,2023-12-30,3,100.00,12.58,Credit Card
1704,27,11072,2023-08-26,9,15.00,2.10,Cash
1705,27,11030,2023-07-10,4,15.00,0.70,Cash
1706,59,11011,2023-04-07,5,1000.00,15.08,Debit Card
1707,5,11041,2023-03-13,1,50.00,3.64,Cash
1708,14,11099,2023-09-10,3,70.00,11.03,Debit Card
1709,63,11085,2023-02-22,6,400.00,70.94,Cash
1710,34,11064,2023-10-01,8,15.00,0.50,Cash
1711,56,11006,2023-03-19,6,700.00,127.54,Credit Card
1712,12,11014,2023-10-26,2,80.00,1.34,Credit Card
1713,89,11195,2023-05-27,1,1000.00,36.57,Cash
1714,21,11057,2023-08-24,10,50.00,3.69,Debit Card
1715,81,11102,2024-02-07,4,200.00,7.32,Credit Card
1716,14,11021,2023-09-06,10,70.00,2.64,Cash
1717,12,11021,2023-03-14,2,80.00,14.35,Debit Card
1718,100,11065,2023-12-23,7,100.00,13.96,Credit Card
1719,62,11037,2023-11-02,10,300.00,2.92,Credit Card
1720,56,11178,2023-12-08,1,700.00,132.18,Credit Card
1721,46,11098,2023-08-22,7,15.00,1.37,Credit Card
1722,54,11084,2023-08-15,9,500.00,89.19,Cash
1723,59,11090,2024-02-01,7,1000.00,162.52,Debit Card
1724,62,11155,2023-09-10,10,300.00,7.53,Debit Card
1725,64,11155,2024-02-15,4,500.00,94.11,Credit Card
1726,38,11037,2023-09-08,3,15.00,1.00,Debit Card
1727,58,11085,2024-02-13,10,900.00,40.13,Debit Card
1728,80,11038,2023-05-06,3,100.00,18.32,Debit Card
1729,48,11174,2023-11-01,7,20.00,2.56,Debit Card
1730,57,11198,2023-12-23,10,800.00,65.86,Cash
1731,77,11200,2023-12-28,4,800.00,16.92,Cash
1732,71,11074,2023-04-05,1,200.00,38.95,Cash
1733,42,11088,2023-05-02,9,50.00,4.28,Debit Card
1734,88,11092,2024-01-05,1,900.00,92.62,Credit Card
1735,51,11022,2023-07-25,8,200.00,33.94,Cash
1736,93,11205,2023-04-07,3,400.00,53.57,Debit Card
1737,2,11036,2023-06-19,10,800.00,98.40,Cash
1738,83,11059,2023-06-07,3,400.00,45.79,Credit Card
1739,63,11041,2023-07-07,5,400.00,68.56,Credit Card
1740,96,11079,2023-11-09,5,700.00,17.38,Debit Card
1741,42,11004,2023-03-23,2,50.00,3.53,Cash
1742,46,11103,2023-07-08,2,15.00,1.36,Credit Card
1743,93,11008,2023-03-16,10,400.00,70.62,Debit Card
1744,84,11086,2023-07-16,2,500.00,45.48,Credit Card
1745,6,11205,2023-09-17,8,20.00,2.02,Credit Card
1746,26,11035,2023-10-18,5,20.00,1.01,Debit Card
1747,12,11121,2023-12-15,4,80.00,11.28,Cash
1748,83,11186,2023-03-30,10,400.00,60.92,Cash
1749,88,11079,2023-12-18,2,900.00,62.11,Debit Card
1750,83,11057,2023-10-20,4,400.00,11.49,Credit Card
1751,48,11032,2023-04-14,2,20.00,3.46,Cash
1752,77,11083,2023-03-10,4,800.00,27.35,Debit Card
1753,51,11035,2023-05-10,4,200.00,28.91,Credit Card
1754,2,11068,2023-03-09,4,800.00,35.39,Credit Card
1755,44,11083,2023-09-12,5,40.00,4.91,Debit Card
1756,61,11074,2023-09-06,7,200.00,20.22,Credit Card
1757,98,11160,2023-03-20,8,900.00,11.06,Cash
1758,59,11184,2023-11-18,9,1000.00,160.91,Cash
1759,56,11141,2023-12-22,5,700.00,44.75,Cash
1760,87,11164,2024-01-28,9,800.00,52.68,Debit Card
1761,74,11178,2023-09-03,10,500.00,36.07,Debit Card
1762,26,11149,2023-09-29,9,20.00,2.20,Credit Card
1763,71,11012,2023-08-13,3,200.00,33.29,Credit Card
1764,74,11170,2024-01-13,2,500.00,7.23,Cash
1765,94,11021,2023-09-26,3,500.00,28.07,Cash
1766,70,11134,2023-11-07,8,100.00,9.93,Debit Card
1767,12,11023,2023-05-10,2,80.00,7.86,Credit Card
1768,36,11204,2023-11-16,1,150.00,17.47,Cash
1769,70,11032,2023-03-13,4,100.00,8.87,Cash
1770,87,11091,2023-03-17,5,800.00,2.20,Cash
1771,97,11021,2024-02-01,4,800.00,89.13,Debit Card
1772,42,11094,2023-09-05,2,50.00,3.71,Credit Card
1773,56,11097,2023-03-08,8,700.00,52.61,Debit Card
1774,33,11170,2023-10-21,2,30.00,0.46,Cash
1775,27,11072,2023-09-04,10,15.00,1.39,Credit Card
1776,38,11035,2023-04-23,2,15.00,1.35,Credit Card
1777,78,11021,2023-07-27,1,900.00,30.40,Debit Card
1778,16,11023,2023-10-09,7,25.00,1.54,Cash
1779,78,11172,2023-07-19,8,900.00,128.80,Debit Card
1780,42,11178,2023-04-29,7,50.00,5.08,Cash
1781,6,11082,2024-01-03,9,20.00,3.22,Credit Card
1782,6,11000,2023-06-26,6,20.00,0.34,Credit Card
1783,34,11042,2023-05-10,5,15.00,2.42,Debit Card
1784,68,11140,2023-02-19,6,900.00,107.43,Cash
1785,6,11054,2023-11-30,10,20.00,3.91,Debit Card
1786,18,11056,2023-05-25,1,120.00,17.78,Credit Card
1787,83,11188,2023-12-14,6,400.00,2.06,Debit Card
1788,14,11011,2023-07-14,7,70.00,5.32,Debit Card
1789,34,11186,2023-02-18,3,15.00,2.96,Debit Card
1790,61,11055,2023-06-25,8,200.00,11.35,Debit Card
1791,1,11079,2023-06-30,2,1200.00,85.99,Debit Card
1792,10,11179,2023-02-19,2,250.00,7.07,Debit Card
1793,93,11002,2023-03-30,8,400.00,45.08,Cash
1794,80,11091,2023-11-13,2,100.00,12.78,Debit Card
1795,69,11069,2023-05-25,5,1000.00,123.41,Cash
1796,51,11043,2023-10-01,3,200.00,37.79,Cash
1797,53,11205,2023-11-22,10,400.00,4.14,Cash
1798,44,11203,2023-05-22,1,40.00,5.36,Credit Card
1799,70,11176,2023-06-14,1,100.00,2.77,Debit Card
1800,32,11007,2024-01-21,4,120.00,7.64,Credit Card
1801,58,11098,2024-01-24,3,900.00,94.88,Credit Card
1802,64,11077,2024-01-24,2,500.00,4.25,Debit Card
1803,5,11183,2023-09-08,2,50.00,8.34,Cash
1804,21,11149,2023-03-11,3,50.00,1.62,Credit Card
1805,6,11157,2023-09-25,2,20.00,2.20,Debit Card
1806,70,11198,2023-06-24,2,100.00,5.79,Debit Card
1807,40,11057,2024-02-14,7,40.00,7.84,Credit Card
1808,87,11080,2024-01-12,7,800.00,67.55,Credit Card
1809,62,11056,2023-09-03,3,300.00,37.51,Cash
1810,25,11104,2023-07-01,7,120.00,12.93,Credit Card
1811,98,11117,2023-03-21,1,900.00,167.62,Credit Card
1812,95,11201,2023-11-02,3,600.00,118.73,Cash
1813,86,11153,2023-04-15,9,700.00,126.24,Credit Card
1814,88,11157,2023-03-29,2,900.00,139.13,Cash
1815,19,11196,2023-11-09,6,40.00,1.15,Cash
1816,99,11101,2023-11-12,3,1000.00,198.41,Credit Card
1817,58,11163,2023-05-14,4,900.00,159.91,Debit Card
1818,49,11107,2023-04-13,3,30.00,4.48,Credit Card
1819,92,11112,2023-06-10,8,300.00,57.78,Credit Card
1820,91,11204,2023-07-24,6,200.00,26.84,Cash
1821,64,11125,2024-02-07,4,500.00,96.01,Debit Card
1822,95,11200,2023-12-06,4,600.00,58.98,Debit Card
1823,7,11057,2023-08-30,3,300.00,24.38,Credit Card
1824,46,11183,2023-09-14,5,15.00,0.50,Credit Card
1825,62,11140,2023-05-07,3,300.00,53.60,Debit Card
1826,93,11033,2023-08-17,2,400.00,73.67,Debit Card
1827,40,11173,2023-05-21,5,40.00,0.51,Credit Card
1828,57,11066,2023-12-26,3,800.00,38.47,Credit Card
1829,12,11078,2023-05-15,2,80.00,9.22,Credit Card
1830,46,11056,2023-12-28,1,15.00,1.40,Cash
1831,89,11021,2023-12-17,4,1000.00,141.99,Debit Card
1832,21,11084,2023-08-13,1,50.00,6.89,Cash
1833,94,11040,2024-02-15,4,500.00,74.40,Credit Card
1834,92,11014,2023-11-09,9,300.00,55.14,Cash
1835,56,11158,2023-11-24,7,700.00,116.07,Debit Card
1836,93,11075,2023-03-15,5,400.00,74.04,Cash
1837,93,11175,2023-06-24,2,400.00,11.49,Debit Card
1838,16,11092,2023-08-23,3,25.00,1.34,Credit Card
1839,51,11152,2023-05-17,5,200.00,1.30,Debit Card
1840,57,11092,2023-11-01,1,800.00,40.47,Debit Card
1841,71,11048,2024-02-15,6,200.00,14.11,Credit Card
1842,57,11116,2024-01-10,1,800.00,27.78,Debit Card
1843,12,11184,2023-04-13,2,80.00,15.31,Credit Card
1844,52,11086,2023-10-24,3,300.00,45.47,Cash
1845,93,11198,2023-03-11,8,400.00,79.46,Debit Card
1846,99,11076,2023-05-04,2,1000.00,24.62,Credit Card
1847,81,11181,2023-05-17,4,200.00,21.25,Debit Card
1848,97,11125,2023-05-23,9,800.00,126.45,Debit Card
1849,64,11174,2023-03-18,5,500.00,60.09,Cash
1850,14,11100,2023-10-03,4,70.00,2.60,Debit Card
1851,5,11097,2023-08-28,1,50.00,1.91,Cash
1852,69,11154,2023-07-21,10,1000.00,0.49,Debit Card
1853,57,11031,2024-01-07,8,800.00,145.40,Cash
1854,83,11048,2023-09-05,6,400.00,31.49,Cash
1855,92,11007,2023-09-25,3,300.00,48.42,Debit Card
1856,73,11048,2023-09-09,9,400.00,22.78,Debit Card
1857,57,11077,2023-07-01,8,800.00,127.23,Credit Card
1858,46,11110,2023-05-13,7,15.00,0.40,Cash
1859,62,11028,2023-06-20,2,300.00,44.06,Credit Card
1860,98,11076,2023-12-15,8,900.00,26.66,Credit Card
1861,92,11115,2023-05-29,6,300.00,58.89,Debit Card
1862,6,11111,2023-12-19,5,20.00,3.36,Credit Card
1863,71,11043,2023-11-12,9,200.00,17.11,Debit Card
1864,81,11185,2023-03-22,3,200.00,37.55,Cash
1865,87,11093,2023-07-02,4,800.00,119.45,Cash
1866,63,11068,2023-12-09,5,400.00,39.20,Credit Card
1867,92,11044,2024-02-11,6,300.00,45.53,Cash
1868,64,11182,2023-03-21,5,500.00,27.59,Cash
1869,94,11010,2024-02-11,9,500.00,68.63,Cash
1870,6,11074,2023-07-13,2,20.00,2.04,Debit Card
1871,70,11170,2024-01-25,1,100.00,10.73,Debit Card
1872,56,11050,2023-06-08,8,700.00,35.87,Debit Card
1873,81,11176,2023-04-05,1,200.00,8.23,Cash
1874,100,11083,2023-06-01,1,100.00,2.27,Credit Card
1875,2,11113,2023-12-04,1,800.00,126.40,Credit Card
1876,61,11194,2023-10-03,4,200.00,36.25,Credit Card
1877,67,11002,2023-04-14,3,800.00,1.11,Cash
1878,87,11033,2024-02-09,10,800.00,139.04,Debit Card
1879,53,11160,2023-09-04,8,400.00,64.52,Debit Card
1880,92,11063,2023-10-15,4,300.00,1.93,Debit Card
1881,33,11104,2023-09-04,4,30.00,0.27,Debit Card
1882,33,11011,2023-02-26,5,30.00,3.35,Credit Card
1883,92,11019,2023-08-17,5,300.00,22.63,Cash
1884,74,11000,2023-09-15,8,500.00,48.78,Credit Card
1885,68,11067,2023-08-09,6,900.00,50.74,Credit Card
1886,72,11175,2023-05-22,6,300.00,16.75,Debit Card
1887,27,11186,2023-05-22,6,15.00,0.90,Cash
1888,77,11157,2024-02-06,10,800.00,33.02,Debit Card
1889,68,11154,2023-12-25,6,900.00,141.52,Credit Card
1890,77,11027,2023-09-10,5,800.00,110.83,Debit Card
1891,59,11002,2024-01-05,3,1000.00,101.99,Cash
1892,53,11001,2024-01-06,2,400.00,62.65,Credit Card
1893,26,11070,2023-05-19,3,20.00,0.20,Cash
1894,59,11045,2023-05-24,2,1000.00,127.94,Credit Card
1895,54,11089,2023-12-12,4,500.00,28.14,Debit Card
1896,68,11101,2023-04-13,4,900.00,178.60,Credit Card
1897,53,11016,2023-07-30,9,400.00,11.25,Cash
1898,93,11006,2023-12-30,3,400.00,76.26,Credit Card
1899,59,11190,2023-08-28,7,1000.00,77.83,Cash
1900,53,11192,2023-11-16,6,400.00,12.24,Cash
1901,91,11002,2023-10-31,8,200.00,19.62,Cash
1902,77,11018,2023-09-17,4,800.00,67.26,Cash
1903,49,11146,2023-08-07,10,30.00,4.68,Credit Card
1904,6,11002,2023-03-20,2,20.00,3.86,Cash
1905,5,11197,2023-06-07,3,50.00,9.79,Cash
1906,73,11107,2023-11-21,6,400.00,78.92,Credit Card
1907,93,11090,2024-01-30,2,400.00,47.51,Credit Card
1908,89,11105,2023-10-02,5,1000.00,161.81,Debit Card
1909,83,11023,2023-12-26,3,400.00,77.07,Credit Card
1910,46,11085,2023-05-17,8,15.00,2.28,Debit Card
1911,38,11186,2023-03-21,4,15.00,2.28,Debit Card
1912,72,11060,2024-02-15,5,300.00,44.12,Debit Card
1913,19,11162,2023-07-13,9,40.00,0.06,Credit Card
1914,91,11039,2023-02-23,8,200.00,4.24,Cash
1915,48,11001,2023-09-22,3,20.00,0.11,Credit Card
1916,84,11097,2023-06-25,6,500.00,76.93,Cash
1917,77,11163,2023-11-23,4,800.00,23.43,Debit Card
1918,63,11063,2023-06-05,4,400.00,30.18,Cash
1919,25,11076,2023-07-17,4,120.00,1.54,Cash
1920,74,11001,2023-04-16,1,500.00,56.96,Cash
1921,74,11067,2023-05-04,5,500.00,83.88,Cash
1922,88,11014,2024-01-02,2,900.00,6.55,Credit Card
1923,72,11115,2023-10-07,1,300.00,4.75,Cash
1924,71,11171,2023-11-15,10,200.00,10.69,Debit Card
1925,1,11005,2023-11-27,5,1200.00,207.94,Debit Card
1926,5,11067,2023-04-27,9,50.00,6.78,Cash
1927,77,11077,2023-10-06,3,800.00,149.23,Debit Card
1928,31,11144,2023-06-10,3,40.00,3.43,Cash
1929,53,11004,2023-05-27,8,400.00,76.59,Cash
1930,25,11070,2024-01-23,7,120.00,17.69,Cash
1931,58,11043,2023-04-11,1,900.00,46.39,Cash
1932,16,11029,2023-11-03,1,25.00,4.08,Debit Card
1933,42,11199,2023-12-12,9,50.00,2.84,Debit Card
1934,12,11026,2023-05-21,4,80.00,15.59,Credit Card
1935,26,11157,2023-09-16,7,20.00,3.36,Debit Card
1936,61,11040,2023-03-05,3,200.00,3.57,Cash
1937,62,11203,2023-09-11,2,300.00,53.95,Debit Card
1938,49,11003,2023-06-16,5,30.00,1.97,Credit Card
1939,12,11093,2023-06-30,2,80.00,9.46,Credit Card
1940,7,11150,2023-06-17,4,300.00,48.42,Cash
1941,5,11086,2023-08-02,6,50.00,9.55,Debit Card
1942,31,11041,2023-10-05,6,40.00,1.27,Cash
1943,89,11119,2023-09-17,8,1000.00,147.33,Debit Card
1944,69,11050,2023-05-02,7,1000.00,168.75,Cash
1945,14,11046,2023-12-19,6,70.00,8.26,Credit Card
1946,62,11038,2023-09-16,3,300.00,4.35,Credit Card
1947,72,11001,2023-07-27,1,300.00,47.81,Cash
1948,93,11024,2023-08-29,8,400.00,26.04,Debit Card
1949,64,11120,2024-01-19,9,500.00,49.75,Cash
1950,58,11172,2023-03-21,3,900.00,60.96,Credit Card
1951,27,11046,2023-07-08,6,15.00,2.76,Cash
1952,87,11052,2023-07-15,1,800.00,156.15,Cash
1953,62,11111,2023-08-17,1,300.00,21.73,Cash
1954,99,11052,2023-11-20,10,1000.00,198.10,Credit Card
1955,14,11015,2023-12-19,6,70.00,2.96,Cash
1956,92,11071,2023-06-11,9,300.00,10.59,Credit Card
1957,93,11191,2023-06-09,2,400.00,11.64,Cash
1958,6,11043,2023-12-27,2,20.00,0.37,Cash
1959,58,11116,2023-07-03,7,900.00,172.43,Debit Card
1960,38,11092,2023-10-14,9,15.00,1.20,Credit Card
1961,94,11056,2023-11-13,8,500.00,17.35,Cash
1962,84,11170,2023-12-20,9,500.00,5.14,Debit Card
1963,70,11104,2023-05-18,2,100.00,5.06,Debit Card
1964,67,11179,2023-12-09,1,800.00,11.66,Debit Card
1965,54,11112,2023-04-21,6,500.00,55.58,Credit Card
1966,74,11147,2023-12-11,6,500.00,88.46,Credit Card
1967,86,11065,2023-08-02,8,700.00,74.34,Debit Card
1968,2,11100,2023-04-18,1,800.00,116.45,Debit Card
1969,71,11143,2023-11-27,9,200.00,35.92,Credit Card
1970,94,11180,2023-04-25,9,500.00,25.95,Credit Card
1971,89,11050,2023-10-29,4,1000.00,107.47,Cash
1972,72,11016,2023-06-05,2,300.00,49.03,Credit Card
1973,92,11019,2023-03-17,4,300.00,23.61,Cash
1974,31,11048,2023-10-20,5,40.00,7.48,Cash
1975,62,11197,2023-12-29,3,300.00,57.95,Debit Card
1976,83,11139,2023-04-04,8,400.00,75.13,Debit Card
1977,68,11135,2023-06-19,6,900.00,109.18,Credit Card
1978,31,11054,2023-06-03,9,40.00,1.68,Credit Card
1979,58,11086,2024-01-28,5,900.00,1.06,Credit Card
1980,77,11169,2023-05-24,1,800.00,134.19,Debit Card
1981,94,11030,2023-03-12,2,500.00,63.67,Cash
1982,6,11099,2023-05-16,2,20.00,3.91,Debit Card
1983,79,11038,2023-12-07,4,1000.00,124.00,Credit Card
1984,62,11084,2023-02-26,4,300.00,34.29,Credit Card
1985,74,11193,2023-11-22,5,500.00,35.76,Credit Card
1986,81,11126,2023-11-16,1,200.00,18.31,Debit Card
1987,42,11097,2024-02-06,1,50.00,2.58,Cash
1988,2,11205,2023-07-09,6,800.00,31.45,Debit Card
1989,69,11085,2023-04-04,7,1000.00,147.37,Cash
1990,91,11157,2023-04-12,3,200.00,38.80,Debit Card
1991,78,11147,2023-10-01,4,900.00,110.42,Cash
1992,84,11069,2023-03-16,3,500.00,0.76,Cash
1993,83,11148,2023-04-25,2,400.00,29.28,Debit Card
1994,94,11049,2023-04-26,2,500.00,41.83,Debit Card
1995,16,11188,2023-03-08,1,25.00,4.16,Cash
1996,38,11049,2023-07-29,5,15.00,2.61,Debit Card
1997,38,11122,2023-07-12,10,15.00,1.77,Debit Card
1998,30,11148,2023-10-03,5,20.00,1.00,Cash
1999,97,11118,2023-05-22,3,800.00,23.45,Cash
2000,63,11046,2023-09-09,8,400.00,32.25,Debit Card
2001,77,11071,2023-07-30,9,800.00,89.85,Cash
2002,72,11052,2023-05-26,7,300.00,18.87,Cash
2003,62,11025,2023-02-26,8,300.00,3.56,Cash
2004,19,11117,2023-02-24,7,40.00,1.50,Cash
2005,52,11128,2023-08-21,9,300.00,11.43,Cash
2006,84,11075,2023-10-28,5,500.00,95.27,Credit Card
2007,98,11020,2023-09-20,1,900.00,117.01,Cash
2008,52,11073,2023-07-03,9,300.00,30.77,Debit Card
2009,89,11115,2024-01-13,9,1000.00,199.97,Credit Card
2010,19,11116,2023-09-11,1,40.00,1.59,Debit Card
2011,91,11024,2023-03-22,5,200.00,31.45,Credit Card
2012,31,11147,2023-06-02,6,40.00,6.06,Cash
2013,56,11067,2024-02-09,3,700.00,69.52,Cash
2014,59,11142,2023-09-09,10,1000.00,182.05,Debit Card
2015,86,11041,2024-02-06,4,700.00,22.54,Credit Card
2016,88,11206,2023-05-09,8,900.00,69.20,Credit Card
2017,93,11052,2023-07-02,8,400.00,55.85,Cash
2018,11,11062,2023-03-11,6,60.00,0.41,Debit Card
2019,99,11006,2023-09-19,5,1000.00,141.75,Credit Card
2020,21,11000,2023-02-28,9,50.00,3.04,Cash
2021,89,11189,2023-03-23,5,1000.00,147.83,Cash
2022,78,11041,2023-04-12,10,900.00,12.46,Credit Card
2023,5,11160,2024-02-14,5,50.00,4.96,Debit Card
2024,52,11185,2023-06-10,9,300.00,14.13,Credit Card
2025,71,11130,2024-01-18,2,200.00,19.69,Debit Card
2026,7,11182,2023-08-02,3,300.00,3.55,Cash
2027,88,11089,2023-09-28,2,900.00,21.16,Credit Card
2028,98,11194,2023-06-14,10,900.00,40.22,Credit Card
2029,19,11127,2024-02-10,2,40.00,1.73,Debit Card
2030,27,11052,2023-07-29,2,15.00,1.00,Cash
2031,99,11093,2023-07-03,10,1000.00,72.17,Debit Card
2032,19,11001,2023-08-16,5,40.00,7.54,Cash
2033,57,11104,2024-02-09,4,800.00,86.33,Credit Card
2034,86,11068,2023-06-30,10,700.00,129.26,Debit Card
2035,30,11100,2024-02-01,7,20.00,1.46,Cash
2036,98,11149,2023-02-16,5,900.00,172.80,Credit Card
2037,77,11009,2023-05-19,3,800.00,47.66,Credit Card
2038,93,11106,2023-10-27,8,400.00,10.55,Debit Card
2039,93,11071,2023-12-06,3,400.00,2.03,Credit Card
2040,54,11039,2023-03-24,9,500.00,66.71,Credit Card
2041,86,11141,2023-04-05,2,700.00,132.44,Cash
2042,30,11182,2023-12-30,7,20.00,3.14,Cash
2043,19,11141,2023-03-13,4,40.00,4.13,Debit Card
2044,94,11173,2023-04-09,10,500.00,81.33,Debit Card
2045,94,11161,2023-10-16,1,500.00,71.28,Cash
2046,69,11055,2023-09-18,8,1000.00,136.72,Credit Card
2047,58,11119,2023-05-15,10,900.00,105.93,Cash
2048,19,11138,2023-08-04,5,40.00,6.62,Credit Card
2049,54,11041,2023-12-10,9,500.00,47.97,Debit Card
2050,49,11194,2023-08-27,5,30.00,1.22,Credit Card
2051,94,11086,2023-06-14,9,500.00,92.51,Cash
2052,6,11060,2023-04-19,6,20.00,3.57,Cash
2053,94,11108,2024-01-12,1,500.00,19.93,Credit Card
2054,57,11203,2023-06-12,8,800.00,143.40,Cash
2055,49,11057,2023-09-23,4,30.00,3.89,Cash
2056,94,11099,2023-02-21,7,500.00,64.73,Cash
2057,67,11168,2023-03-31,6,800.00,84.38,Credit Card
2058,61,11172,2023-12-30,4,200.00,9.59,Cash
2059,19,11160,2023-12-24,2,40.00,2.46,Cash
2060,34,11129,2023-03-03,5,15.00,1.79,Cash
2061,54,11116,2023-08-18,6,500.00,89.70,Cash
2062,97,11038,2023-05-10,4,800.00,16.02,Debit Card
2063,67,11112,2024-01-21,10,800.00,126.87,Cash
2064,6,11110,2023-08-16,5,20.00,2.87,Debit Card
2065,5,11122,2023-05-24,1,50.00,5.17,Cash
2066,88,11178,2023-12-29,7,900.00,69.79,Debit Card
2067,88,11139,2023-10-19,10,900.00,67.74,Credit Card
2068,88,11142,2023-07-31,5,900.00,65.52,Cash
2069,69,11061,2023-05-20,1,1000.00,109.55,Credit Card
2070,97,11032,2023-04-28,3,800.00,45.82,Cash
2071,53,11200,2023-02-24,7,400.00,71.00,Credit Card
2072,69,11083,2023-12-05,3,1000.00,128.17,Debit Card
2073,88,11110,2023-12-01,6,900.00,178.98,Cash
2074,91,11152,2023-10-07,3,200.00,31.18,Cash
2075,73,11120,2023-08-14,3,400.00,34.37,Credit Card
2076,57,11022,2023-04-21,4,800.00,113.70,Debit Card
2077,5,11135,2024-02-13,1,50.00,5.83,Cash
2078,74,11006,2023-04-21,2,500.00,96.35,Credit Card
2079,19,11172,2023-08-20,2,40.00,6.88,Debit Card
2080,38,11067,2023-09-14,8,15.00,0.87,Cash
2081,69,11028,2024-01-07,6,1000.00,49.71,Debit Card
2082,19,11135,2024-01-06,2,40.00,2.92,Credit Card
2083,98,11045,2024-01-02,4,900.00,67.88,Debit Card
2084,54,11024,2023-10-10,2,500.00,53.90,Credit Card
2085,78,11168,2023-09-01,3,900.00,107.09,Cash
2086,98,11198,2023-03-11,5,900.00,114.35,Credit Card
2087,54,11127,2023-08-25,3,500.00,46.04,Credit Card
2088,94,11017,2023-12-13,3,500.00,51.41,Credit Card
2089,2,11154,2023-09-29,7,800.00,136.32,Cash
2090,84,11162,2023-04-26,8,500.00,23.70,Cash
2091,69,11087,2023-05-05,4,1000.00,39.80,Cash
2092,59,11199,2024-01-19,10,1000.00,0.04,Cash
2093,38,11009,2023-07-27,9,15.00,0.73,Credit Card
2094,2,11020,2024-01-13,3,800.00,87.03,Credit Card
2095,2,11089,2024-01-08,4,800.00,71.39,Cash
2096,79,11023,2023-10-15,8,1000.00,92.08,Cash
2097,71,11060,2023-06-04,4,200.00,31.17,Debit Card
2098,93,11005,2023-10-28,7,400.00,10.99,Debit Card
2099,79,11173,2023-04-08,9,1000.00,51.70,Cash
2100,62,11147,2023-11-07,7,300.00,17.98,Credit Card
2101,84,11031,2023-03-28,10,500.00,4.48,Credit Card
2102,21,11019,2023-12-19,8,50.00,3.06,Debit Card
2103,30,11112,2023-08-17,2,20.00,0.21,Credit Card
2104,79,11038,2023-04-18,4,1000.00,32.30,Cash
2105,69,11123,2023-05-14,8,1000.00,118.72,Debit Card
2106,71,11188,2023-12-19,2,200.00,27.17,Debit Card
2107,21,11137,2023-02-16,9,50.00,7.69,Debit Card
2108,89,11006,2023-06-07,1,1000.00,165.72,Debit Card
2109,58,11026,2023-07-23,9,900.00,96.39,Credit Card
2110,98,11074,2023-04-18,2,900.00,123.83,Cash
2111,54,11000,2023-05-27,4,500.00,54.34,Debit Card
2112,64,11172,2023-04-30,3,500.00,31.07,Debit Card
2113,57,11039,2024-02-06,7,800.00,53.40,Cash
2114,99,11149,2023-06-07,4,1000.00,131.97,Cash
2115,16,11032,2023-03-27,7,25.00,0.80,Credit Card
2116,68,11129,2023-10-19,8,900.00,13.08,Credit Card
2117,46,11012,2023-07-05,6,15.00,0.42,Debit Card
2118,2,11060,2024-01-11,1,800.00,34.50,Cash
2119,46,11124,2023-03-23,2,15.00,0.82,Cash
2120,89,11015,2023-09-29,4,1000.00,49.77,Debit Card
2121,52,11052,2023-08-17,3,300.00,59.93,Credit Card
2122,89,11027,2024-01-10,3,1000.00,95.28,Debit Card
2123,98,11070,2024-01-12,10,900.00,91.77,Credit Card
2124,68,11179,2023-10-13,1,900.00,5.20,Cash
2125,38,11100,2023-05-30,5,15.00,1.07,Cash
2126,58,11170,2024-01-05,9,900.00,164.82,Credit Card
2127,99,11169,2023-12-29,4,1000.00,198.80,Cash
2128,79,11144,2023-08-31,5,1000.00,197.60,Debit Card
2129,5,11179,2023-03-23,6,50.00,9.53,Credit Card
2130,30,11163,2023-12-30,10,20.00,1.34,Credit Card
2131,52,11092,2023-08-25,8,300.00,3.89,Credit Card
2132,94,11056,2023-05-25,7,500.00,48.51,Cash
2133,67,11080,2024-01-11,8,800.00,76.78,Cash
2134,21,11163,2023-09-14,4,50.00,2.32,Debit Card
2135,69,11028,2024-02-02,6,1000.00,16.15,Credit Card
2136,59,11127,2023-04-06,8,1000.00,17.18,Debit Card
2137,89,11066,2023-09-20,3,1000.00,89.40,Debit Card
2138,5,11182,2023-09-21,8,50.00,4.90,Cash
2139,64,11110,2023-08-04,3,500.00,69.92,Debit Card
2140,97,11165,2023-05-25,7,800.00,70.71,Debit Card
2141,63,11036,2023-06-15,4,400.00,41.16,Debit Card
2142,38,11070,2024-01-09,1,15.00,2.16,Credit Card
2143,16,11097,2023-05-24,9,25.00,2.02,Credit Card
2144,97,11197,2023-08-30,9,800.00,9.20,Credit Card
2145,57,11122,2023-06-26,2,800.00,20.30,Cash
2146,73,11190,2023-03-27,9,400.00,79.72,Credit Card
2147,68,11188,2024-01-15,9,900.00,52.03,Credit Card
2148,94,11203,2023-10-08,2,500.00,98.89,Cash
2149,79,11092,2023-06-07,7,1000.00,74.81,Debit Card
2150,21,11169,2023-12-03,5,50.00,7.64,Credit Card
2151,5,11005,2023-12-10,6,50.00,6.63,Cash
2152,52,11036,2023-06-12,1,300.00,44.71,Debit Card
2153,99,11087,2023-07-04,3,1000.00,95.51,Credit Card
2154,99,11095,2023-04-14,1,1000.00,139.20,Cash
2155,30,11130,2023-11-12,5,20.00,3.54,Debit Card
2156,97,11171,2023-09-26,3,800.00,74.04,Credit Card
2157,67,11147,2023-06-04,6,800.00,113.29,Credit Card
2158,63,11172,2024-01-11,9,400.00,33.76,Debit Card
2159,93,11104,2023-05-30,5,400.00,14.84,Cash
2160,73,11104,2023-05-02,2,400.00,47.92,Debit Card
2161,84,11009,2023-04-07,5,500.00,33.70,Credit Card
2162,59,11161,2023-07-26,3,1000.00,169.53,Credit Card
2163,97,11001,2023-07-17,6,800.00,17.90,Debit Card
2164,84,11032,2023-03-13,2,500.00,43.65,Debit Card
2165,98,11201,2023-06-15,1,900.00,135.67,Debit Card
2166,34,11190,2023-11-17,2,15.00,0.84,Cash
2167,64,11054,2024-01-01,1,500.00,29.17,Debit Card
2168,98,11010,2023-10-22,7,900.00,56.16,Credit Card
2169,63,11051,2023-11-06,6,400.00,58.10,Credit Card
2170,67,11149,2023-03-09,2,800.00,77.67,Credit Card
2171,59,11083,2023-06-21,4,1000.00,93.08,Cash
2172,67,11128,2023-11-01,8,800.00,154.68,Cash
2173,84,11069,2023-05-12,5,500.00,59.41,Cash
2174,67,11032,2023-06-02,9,800.00,30.26,Cash
2175,84,11089,2023-11-19,2,500.00,46.31,Cash
2176,79,11083,2023-03-03,8,1000.00,178.95,Cash
2177,97,11011,2023-04-03,6,800.00,8.94,Debit Card
2178,67,11206,2023-04-07,2,800.00,74.64,Credit Card
